sort_simi_percen_10,gral_simi_percen_10,levenshtein_10,forecasted_10,root_10,to_predict_10,sort_simi_percen_25,gral_simi_percen_25,levenshtein_25,forecasted_25,root_25,to_predict_25,sort_simi_percen_50,gral_simi_percen_50,levenshtein_50,forecasted_50,root_50,to_predict_50,sort_simi_percen_75,gral_simi_percen_75,levenshtein_75,forecasted_75,root_75,to_predict_75,complexity,forecasting_method_name,seq_type
0.0,0.0,2,[6],"[2, 4, 6, 8, 10, 12, 14, 16, 18]",[20],0.0,0.0,4,"[4, 4]","[2, 4, 6, 8, 10, 12, 14, 16]","[18, 20]",0.0,0.0,9,"[170, 130, 157, 208, 280]","[2, 4, 6, 8, 10]","[12, 14, 16, 18, 20]",0.0,0.0,17,"[170, 130, 157, 208, 280, 267, 192]","[2, 4, 6]","[8, 10, 12, 14, 16, 18, 20]",1,timeGPT-1,original
0.0,0.0,2,[9],"[3, 6, 9, 12, 15, 18, 21, 24, 27]",[30],0.0,0.0,4,"[6, 6]","[3, 6, 9, 12, 15, 18, 21, 24]","[27, 30]",0.0,0.0,13,"[171, 130, 158, 209, 281]","[3, 6, 9, 12, 15]","[18, 21, 24, 27, 30]",0.0,0.0,14,"[171, 130, 158, 209, 281, 268, 193]","[3, 6, 9]","[12, 15, 18, 21, 24, 27, 30]",1,timeGPT-1,original
0.0,0.0,2,[12],"[4, 8, 12, 16, 20, 24, 28, 32, 36]",[40],0.0,0.0,4,"[8, 8]","[4, 8, 12, 16, 20, 24, 28, 32]","[36, 40]",0.0,0.0,15,"[172, 131, 159, 209, 281]","[4, 8, 12, 16, 20]","[24, 28, 32, 36, 40]",0.0,0.0,18,"[172, 131, 159, 209, 281, 269, 193]","[4, 8, 12]","[16, 20, 24, 28, 32, 36, 40]",1,timeGPT-1,original
0.0,0.0,2,[15],"[5, 10, 15, 20, 25, 30, 35, 40, 45]",[50],0.0,0.0,3,"[10, 10]","[5, 10, 15, 20, 25, 30, 35, 40]","[45, 50]",0.0,0.0,13,"[172, 132, 160, 210, 282]","[5, 10, 15, 20, 25]","[30, 35, 40, 45, 50]",0.0,0.0,20,"[172, 132, 160, 210, 282, 269, 194]","[5, 10, 15]","[20, 25, 30, 35, 40, 45, 50]",1,timeGPT-1,original
0.0,0.0,2,[18],"[6, 12, 18, 24, 30, 36, 42, 48, 54]",[60],0.0,0.0,4,"[12, 12]","[6, 12, 18, 24, 30, 36, 42, 48]","[54, 60]",0.0,0.0,15,"[173, 133, 160, 211, 283]","[6, 12, 18, 24, 30]","[36, 42, 48, 54, 60]",0.0,0.0,18,"[173, 133, 160, 211, 283, 270, 195]","[6, 12, 18]","[24, 30, 36, 42, 48, 54, 60]",1,timeGPT-1,original
0.0,0.0,2,[21],"[7, 14, 21, 28, 35, 42, 49, 56, 63]",[70],0.0,0.0,4,"[14, 14]","[7, 14, 21, 28, 35, 42, 49, 56]","[63, 70]",0.0,0.0,14,"[174, 134, 161, 212, 284]","[7, 14, 21, 28, 35]","[42, 49, 56, 63, 70]",0.0,0.0,20,"[174, 134, 161, 212, 284, 271, 196]","[7, 14, 21]","[28, 35, 42, 49, 56, 63, 70]",1,timeGPT-1,original
0.0,0.0,2,[24],"[8, 16, 24, 32, 40, 48, 56, 64, 72]",[80],0.0,0.0,4,"[16, 15]","[8, 16, 24, 32, 40, 48, 56, 64]","[72, 80]",0.0,0.0,13,"[175, 134, 162, 213, 285]","[8, 16, 24, 32, 40]","[48, 56, 64, 72, 80]",0.0,0.0,19,"[175, 134, 162, 213, 285, 272, 196]","[8, 16, 24]","[32, 40, 48, 56, 64, 72, 80]",1,timeGPT-1,original
0.0,0.0,2,[27],"[9, 18, 27, 36, 45, 54, 63, 72, 81]",[90],0.0,0.0,4,"[18, 17]","[9, 18, 27, 36, 45, 54, 63, 72]","[81, 90]",0.0,0.0,13,"[176, 135, 163, 213, 285]","[9, 18, 27, 36, 45]","[54, 63, 72, 81, 90]",0.0,0.0,17,"[176, 135, 163, 213, 285, 273, 197]","[9, 18, 27]","[36, 45, 54, 63, 72, 81, 90]",1,timeGPT-1,original
0.0,0.0,2,[30],"[10, 20, 30, 40, 50, 60, 70, 80, 90]",[100],0.0,0.0,4,"[19, 19]","[10, 20, 30, 40, 50, 60, 70, 80]","[90, 100]",0.0,0.0,15,"[176, 136, 164, 214, 286]","[10, 20, 30, 40, 50]","[60, 70, 80, 90, 100]",0.0,0.0,18,"[176, 136, 164, 214, 286, 273, 198]","[10, 20, 30]","[40, 50, 60, 70, 80, 90, 100]",1,timeGPT-1,original
0.0,0.0,2,[5],"[1, 3, 5, 7, 9, 11, 13, 15, 17]",[19],0.0,0.0,4,"[3, 3]","[1, 3, 5, 7, 9, 11, 13, 15]","[17, 19]",0.0,0.0,9,"[169, 129, 156, 207, 279]","[1, 3, 5, 7, 9]","[11, 13, 15, 17, 19]",0.0,0.0,16,"[169, 129, 156, 207, 279, 266, 191]","[1, 3, 5]","[7, 9, 11, 13, 15, 17, 19]",1,timeGPT-1,original
0.0,0.0,2,[6],"[2, 4, 6, 8, 10, 12, 14, 16, 18]",[20],0.0,0.0,4,"[4, 4]","[2, 4, 6, 8, 10, 12, 14, 16]","[18, 20]",0.0,0.0,9,"[170, 130, 157, 208, 280]","[2, 4, 6, 8, 10]","[12, 14, 16, 18, 20]",0.0,0.0,17,"[170, 130, 157, 208, 280, 267, 192]","[2, 4, 6]","[8, 10, 12, 14, 16, 18, 20]",1,timeGPT-1,original
0.0,0.0,2,[12],"[11, 12, 13, 14, 15, 16, 17, 18, 19]",[20],0.0,0.0,3,"[11, 11]","[11, 12, 13, 14, 15, 16, 17, 18]","[19, 20]",0.0,0.0,9,"[177, 137, 164, 215, 287]","[11, 12, 13, 14, 15]","[16, 17, 18, 19, 20]",0.0,0.0,15,"[177, 137, 164, 215, 287, 274, 199]","[11, 12, 13]","[14, 15, 16, 17, 18, 19, 20]",1,timeGPT-1,original
0.0,0.0,2,[21],"[21, 22, 23, 24, 25, 26, 27, 28, 29]",[30],0.0,0.0,3,"[21, 21]","[21, 22, 23, 24, 25, 26, 27, 28]","[29, 30]",0.0,0.0,14,"[185, 145, 172, 223, 295]","[21, 22, 23, 24, 25]","[26, 27, 28, 29, 30]",0.0,0.0,16,"[185, 145, 172, 223, 295, 282, 207]","[21, 22, 23]","[24, 25, 26, 27, 28, 29, 30]",1,timeGPT-1,original
0.0,0.0,2,[31],"[31, 32, 33, 34, 35, 36, 37, 38, 39]",[40],0.0,0.0,3,"[31, 31]","[31, 32, 33, 34, 35, 36, 37, 38]","[39, 40]",0.0,0.0,12,"[193, 153, 180, 231, 303]","[31, 32, 33, 34, 35]","[36, 37, 38, 39, 40]",0.0,0.0,17,"[193, 153, 180, 231, 303, 290, 214]","[31, 32, 33]","[34, 35, 36, 37, 38, 39, 40]",1,timeGPT-1,original
0.0,0.0,2,[41],"[41, 42, 43, 44, 45, 46, 47, 48, 49]",[50],0.0,0.0,3,"[41, 41]","[41, 42, 43, 44, 45, 46, 47, 48]","[49, 50]",0.0,0.0,13,"[201, 161, 188, 239, 311]","[41, 42, 43, 44, 45]","[46, 47, 48, 49, 50]",0.0,0.0,20,"[201, 161, 188, 239, 311, 298, 222]","[41, 42, 43]","[44, 45, 46, 47, 48, 49, 50]",1,timeGPT-1,original
0.0,0.0,2,[51],"[51, 52, 53, 54, 55, 56, 57, 58, 59]",[60],0.0,0.0,3,"[51, 51]","[51, 52, 53, 54, 55, 56, 57, 58]","[59, 60]",0.0,0.0,15,"[209, 169, 196, 247, 319]","[51, 52, 53, 54, 55]","[56, 57, 58, 59, 60]",0.0,0.0,18,"[209, 169, 196, 247, 319, 306, 230]","[51, 52, 53]","[54, 55, 56, 57, 58, 59, 60]",1,timeGPT-1,original
0.0,0.0,2,[61],"[61, 62, 63, 64, 65, 66, 67, 68, 69]",[70],0.0,0.0,3,"[61, 61]","[61, 62, 63, 64, 65, 66, 67, 68]","[69, 70]",0.0,0.0,14,"[217, 177, 204, 255, 327]","[61, 62, 63, 64, 65]","[66, 67, 68, 69, 70]",0.0,0.0,21,"[217, 177, 204, 255, 327, 314, 238]","[61, 62, 63]","[64, 65, 66, 67, 68, 69, 70]",1,timeGPT-1,original
0.0,0.0,2,[71],"[71, 72, 73, 74, 75, 76, 77, 78, 79]",[80],0.0,0.0,3,"[71, 71]","[71, 72, 73, 74, 75, 76, 77, 78]","[79, 80]",0.0,0.0,15,"[225, 185, 212, 263, 335]","[71, 72, 73, 74, 75]","[76, 77, 78, 79, 80]",0.0,0.0,20,"[225, 185, 212, 263, 335, 322, 246]","[71, 72, 73]","[74, 75, 76, 77, 78, 79, 80]",1,timeGPT-1,original
0.0,0.0,2,[81],"[81, 82, 83, 84, 85, 86, 87, 88, 89]",[90],0.0,0.0,3,"[81, 81]","[81, 82, 83, 84, 85, 86, 87, 88]","[89, 90]",0.0,0.0,15,"[233, 193, 220, 271, 342]","[81, 82, 83, 84, 85]","[86, 87, 88, 89, 90]",0.0,0.0,19,"[233, 193, 220, 271, 342, 329, 254]","[81, 82, 83]","[84, 85, 86, 87, 88, 89, 90]",1,timeGPT-1,original
0.0,0.0,3,[91],"[91, 92, 93, 94, 95, 96, 97, 98, 99]",[100],0.0,0.0,4,"[91, 91]","[91, 92, 93, 94, 95, 96, 97, 98]","[99, 100]",0.0,0.0,12,"[241, 201, 228, 279, 350]","[91, 92, 93, 94, 95]","[96, 97, 98, 99, 100]",0.0,0.0,19,"[241, 201, 228, 279, 350, 337, 262]","[91, 92, 93]","[94, 95, 96, 97, 98, 99, 100]",1,timeGPT-1,original
0.0,0.0,2,[101],"[101, 102, 103, 104, 105, 106, 107, 108, 109]",[110],0.0,0.0,3,"[101, 101]","[101, 102, 103, 104, 105, 106, 107, 108]","[109, 110]",0.0,0.0,14,"[249, 209, 236, 287, 358]","[101, 102, 103, 104, 105]","[106, 107, 108, 109, 110]",0.0,0.0,16,"[249, 209, 236, 287, 358, 345, 270]","[101, 102, 103]","[104, 105, 106, 107, 108, 109, 110]",1,timeGPT-1,original
0.0,0.0,2,[111],"[111, 112, 113, 114, 115, 116, 117, 118, 119]",[120],0.0,0.0,3,"[111, 111]","[111, 112, 113, 114, 115, 116, 117, 118]","[119, 120]",0.0,0.0,13,"[257, 217, 244, 295, 366]","[111, 112, 113, 114, 115]","[116, 117, 118, 119, 120]",0.0,0.0,20,"[257, 217, 244, 295, 366, 353, 277]","[111, 112, 113]","[114, 115, 116, 117, 118, 119, 120]",1,timeGPT-1,original
0.0,0.0,2,[121],"[121, 122, 123, 124, 125, 126, 127, 128, 129]",[130],0.0,0.0,3,"[121, 121]","[121, 122, 123, 124, 125, 126, 127, 128]","[129, 130]",0.0,0.0,13,"[265, 225, 252, 303, 374]","[121, 122, 123, 124, 125]","[126, 127, 128, 129, 130]",0.0,0.0,19,"[265, 225, 252, 303, 374, 361, 285]","[121, 122, 123]","[124, 125, 126, 127, 128, 129, 130]",1,timeGPT-1,original
0.0,0.0,2,[131],"[131, 132, 133, 134, 135, 136, 137, 138, 139]",[140],0.0,0.0,3,"[131, 131]","[131, 132, 133, 134, 135, 136, 137, 138]","[139, 140]",0.0,0.0,14,"[273, 233, 260, 311, 382]","[131, 132, 133, 134, 135]","[136, 137, 138, 139, 140]",0.0,0.0,18,"[273, 233, 260, 311, 382, 369, 293]","[131, 132, 133]","[134, 135, 136, 137, 138, 139, 140]",1,timeGPT-1,original
0.0,0.0,2,[141],"[141, 142, 143, 144, 145, 146, 147, 148, 149]",[150],0.0,0.0,3,"[141, 141]","[141, 142, 143, 144, 145, 146, 147, 148]","[149, 150]",0.0,0.0,11,"[281, 241, 268, 319, 390]","[141, 142, 143, 144, 145]","[146, 147, 148, 149, 150]",0.0,0.0,20,"[281, 241, 268, 319, 390, 377, 301]","[141, 142, 143]","[144, 145, 146, 147, 148, 149, 150]",1,timeGPT-1,original
0.0,0.0,2,[151],"[151, 152, 153, 154, 155, 156, 157, 158, 159]",[160],0.0,0.0,3,"[151, 151]","[151, 152, 153, 154, 155, 156, 157, 158]","[159, 160]",0.0,0.0,15,"[289, 249, 277, 327, 398]","[151, 152, 153, 154, 155]","[156, 157, 158, 159, 160]",0.0,0.0,19,"[289, 249, 277, 327, 398, 385, 309]","[151, 152, 153]","[154, 155, 156, 157, 158, 159, 160]",1,timeGPT-1,original
0.0,0.0,2,[161],"[161, 162, 163, 164, 165, 166, 167, 168, 169]",[170],0.0,0.0,3,"[161, 161]","[161, 162, 163, 164, 165, 166, 167, 168]","[169, 170]",0.0,0.0,14,"[297, 257, 285, 335, 406]","[161, 162, 163, 164, 165]","[166, 167, 168, 169, 170]",0.0,0.0,20,"[297, 257, 285, 335, 406, 393, 317]","[161, 162, 163]","[164, 165, 166, 167, 168, 169, 170]",1,timeGPT-1,original
0.0,0.0,2,[171],"[171, 172, 173, 174, 175, 176, 177, 178, 179]",[180],0.0,0.0,3,"[171, 171]","[171, 172, 173, 174, 175, 176, 177, 178]","[179, 180]",0.0,0.0,15,"[305, 265, 293, 343, 414]","[171, 172, 173, 174, 175]","[176, 177, 178, 179, 180]",0.0,0.0,20,"[305, 265, 293, 343, 414, 401, 325]","[171, 172, 173]","[174, 175, 176, 177, 178, 179, 180]",1,timeGPT-1,original
0.0,0.0,2,[181],"[181, 182, 183, 184, 185, 186, 187, 188, 189]",[190],0.0,0.0,3,"[181, 181]","[181, 182, 183, 184, 185, 186, 187, 188]","[189, 190]",0.0,0.0,15,"[313, 273, 301, 351, 422]","[181, 182, 183, 184, 185]","[186, 187, 188, 189, 190]",0.0,0.0,20,"[313, 273, 301, 351, 422, 409, 333]","[181, 182, 183]","[184, 185, 186, 187, 188, 189, 190]",1,timeGPT-1,original
0.0,0.0,3,[191],"[191, 192, 193, 194, 195, 196, 197, 198, 199]",[200],0.0,0.0,4,"[191, 191]","[191, 192, 193, 194, 195, 196, 197, 198]","[199, 200]",0.0,0.0,13,"[321, 281, 309, 359, 430]","[191, 192, 193, 194, 195]","[196, 197, 198, 199, 200]",0.0,0.0,21,"[321, 281, 309, 359, 430, 417, 341]","[191, 192, 193]","[194, 195, 196, 197, 198, 199, 200]",1,timeGPT-1,original
0.0,0.0,2,[5],"[2, 3, 5, 7, 11, 13, 17, 19, 23]",[29],0.0,0.0,3,"[3, 3]","[2, 3, 5, 7, 11, 13, 17, 19]","[23, 29]",0.0,0.0,10,"[170, 130, 157, 208, 280]","[2, 3, 5, 7, 11]","[13, 17, 19, 23, 29]",0.0,0.0,16,"[170, 130, 157, 208, 280, 267, 192]","[2, 3, 5]","[7, 11, 13, 17, 19, 23, 29]",2,timeGPT-1,original
0.0,0.0,2,[2],"[1, 1, 2, 3, 5, 8, 13, 21, 34]",[55],0.0,0.0,4,"[1, 1]","[1, 1, 2, 3, 5, 8, 13, 21]","[34, 55]",0.0,0.0,14,"[169, 129, 156, 207, 279]","[1, 1, 2, 3, 5]","[8, 13, 21, 34, 55]",0.0,0.0,20,"[169, 129, 156, 207, 279, 266, 191]","[1, 1, 2]","[3, 5, 8, 13, 21, 34, 55]",2,timeGPT-1,original
0.0,0.0,3,[4],"[1, 2, 4, 8, 16, 32, 64, 128, 256]",[512],0.0,0.0,4,"[2, 2]","[1, 2, 4, 8, 16, 32, 64, 128]","[256, 512]",0.0,0.0,12,"[169, 129, 156, 207, 279]","[1, 2, 4, 8, 16]","[32, 64, 128, 256, 512]",0.0,0.0,18,"[169, 129, 156, 207, 279, 266, 191]","[1, 2, 4]","[8, 16, 32, 64, 128, 256, 512]",2,timeGPT-1,original
0.0,0.0,4,[9],"[1, 3, 9, 27, 81, 243, 729, 2187, 6561]",[19683],0.0,0.0,8,"[3, 3]","[1, 3, 9, 27, 81, 243, 729, 2187]","[6561, 19683]",0.0,0.0,16,"[169, 129, 156, 207, 279]","[1, 3, 9, 27, 81]","[243, 729, 2187, 6561, 19683]",0.0,0.0,21,"[169, 129, 156, 207, 279, 266, 191]","[1, 3, 9]","[27, 81, 243, 729, 2187, 6561, 19683]",2,timeGPT-1,original
0.0,0.0,3,[9],"[1, 4, 9, 16, 25, 36, 49, 64, 81]",[100],0.0,0.0,5,"[4, 4]","[1, 4, 9, 16, 25, 36, 49, 64]","[81, 100]",0.0,0.0,13,"[169, 129, 156, 207, 279]","[1, 4, 9, 16, 25]","[36, 49, 64, 81, 100]",0.0,0.0,16,"[169, 129, 156, 207, 279, 266, 191]","[1, 4, 9]","[16, 25, 36, 49, 64, 81, 100]",2,timeGPT-1,original
0.0,0.0,4,[28],"[1, 8, 27, 64, 125, 216, 343, 512, 729]",[1000],0.0,0.0,7,"[8, 8]","[1, 8, 27, 64, 125, 216, 343, 512]","[729, 1000]",0.0,0.0,15,"[169, 129, 156, 207, 279]","[1, 8, 27, 64, 125]","[216, 343, 512, 729, 1000]",0.0,0.0,17,"[169, 129, 156, 207, 279, 266, 191]","[1, 8, 27]","[64, 125, 216, 343, 512, 729, 1000]",2,timeGPT-1,original
0.0,0.0,5,[2],"[1, 1, 2, 6, 24, 120, 720, 5040, 40320]",[362880],0.0,0.0,11,"[1, 1]","[1, 1, 2, 6, 24, 120, 720, 5040]","[40320, 362880]",0.0,0.0,17,"[169, 129, 156, 207, 279]","[1, 1, 2, 6, 24]","[120, 720, 5040, 40320, 362880]",0.0,0.0,22,"[169, 129, 156, 207, 279, 266, 191]","[1, 1, 2]","[6, 24, 120, 720, 5040, 40320, 362880]",2,timeGPT-1,original
0.0,0.0,2,[6],"[1, 3, 6, 10, 15, 21, 28, 36, 45]",[55],0.0,0.0,4,"[3, 3]","[1, 3, 6, 10, 15, 21, 28, 36]","[45, 55]",0.0,0.0,13,"[169, 129, 156, 207, 279]","[1, 3, 6, 10, 15]","[21, 28, 36, 45, 55]",0.0,0.0,18,"[169, 129, 156, 207, 279, 266, 191]","[1, 3, 6]","[10, 15, 21, 28, 36, 45, 55]",2,timeGPT-1,original
0.0,0.0,2,[3],"[2, 1, 3, 4, 7, 11, 18, 29, 47]",[76],0.0,0.0,4,"[1, 1]","[2, 1, 3, 4, 7, 11, 18, 29]","[47, 76]",0.0,0.0,13,"[170, 130, 157, 208, 280]","[2, 1, 3, 4, 7]","[11, 18, 29, 47, 76]",0.0,0.0,17,"[170, 130, 157, 208, 280, 267, 192]","[2, 1, 3]","[4, 7, 11, 18, 29, 47, 76]",2,timeGPT-1,original
0.0,0.0,3,[2],"[0, 1, 2, 5, 12, 29, 70, 169, 408]",[985],0.0,0.0,6,"[1, 1]","[0, 1, 2, 5, 12, 29, 70, 169]","[408, 985]",0.0,0.0,13,"[168, 128, 156, 206, 278]","[0, 1, 2, 5, 12]","[29, 70, 169, 408, 985]",0.0,0.0,18,"[168, 128, 156, 206, 278, 266, 190]","[0, 1, 2]","[5, 12, 29, 70, 169, 408, 985]",2,timeGPT-1,original
0.0,0.0,11,[28],"[1, 4, 27, 256, 3125, 46656, 823543, 16777216, 387420489]",[10000000000],0.0,0.0,19,"[4, 4]","[1, 4, 27, 256, 3125, 46656, 823543, 16777216]","[387420489, 10000000000]",0.0,0.0,33,"[169, 129, 156, 207, 279]","[1, 4, 27, 256, 3125]","[46656, 823543, 16777216, 387420489, 10000000000]",0.0,0.0,37,"[169, 129, 156, 207, 279, 266, 191]","[1, 4, 27]","[256, 3125, 46656, 823543, 16777216, 387420489, 10000000000]",2,timeGPT-1,original
0.0,0.0,4,[6],"[1, 2, 6, 20, 70, 252, 924, 3432, 12870]",[48620],0.0,0.0,8,"[2, 2]","[1, 2, 6, 20, 70, 252, 924, 3432]","[12870, 48620]",0.0,0.0,17,"[169, 129, 156, 207, 279]","[1, 2, 6, 20, 70]","[252, 924, 3432, 12870, 48620]",0.0,0.0,24,"[169, 129, 156, 207, 279, 266, 191]","[1, 2, 6]","[20, 70, 252, 924, 3432, 12870, 48620]",2,timeGPT-1,original
0.0,0.0,2,[5],"[2, 3, 5, 7, 11, 13, 17, 19, 23]",[29],0.0,0.0,3,"[3, 3]","[2, 3, 5, 7, 11, 13, 17, 19]","[23, 29]",0.0,0.0,10,"[170, 130, 157, 208, 280]","[2, 3, 5, 7, 11]","[13, 17, 19, 23, 29]",0.0,0.0,16,"[170, 130, 157, 208, 280, 267, 192]","[2, 3, 5]","[7, 11, 13, 17, 19, 23, 29]",2,timeGPT-1,original
0.0,0.0,2,[9],"[4, 6, 9, 10, 14, 15, 21, 22, 25]",[26],0.0,0.0,3,"[6, 6]","[4, 6, 9, 10, 14, 15, 21, 22]","[25, 26]",0.0,0.0,11,"[172, 131, 159, 209, 281]","[4, 6, 9, 10, 14]","[15, 21, 22, 25, 26]",0.0,0.0,14,"[172, 131, 159, 209, 281, 269, 193]","[4, 6, 9]","[10, 14, 15, 21, 22, 25, 26]",2,timeGPT-1,original
0.0,0.0,2,[11],"[1, 10, 11, 100, 101, 110, 111, 1000, 1001]",[1010],0.0,0.0,4,"[10, 10]","[1, 10, 11, 100, 101, 110, 111, 1000]","[1001, 1010]",0.0,0.0,14,"[169, 129, 156, 207, 279]","[1, 10, 11, 100, 101]","[110, 111, 1000, 1001, 1010]",0.0,0.0,19,"[169, 129, 156, 207, 279, 266, 191]","[1, 10, 11]","[100, 101, 110, 111, 1000, 1001, 1010]",2,timeGPT-1,original
0.0,0.0,5,[85],"[0, 1, 81, 512, 2401, 4913, 5832, 17576, 19683]",[234256],0.0,0.0,10,"[1, 1]","[0, 1, 81, 512, 2401, 4913, 5832, 17576]","[19683, 234256]",0.0,0.0,19,"[168, 128, 156, 206, 278]","[0, 1, 81, 512, 2401]","[4913, 5832, 17576, 19683, 234256]",0.0,0.0,28,"[168, 128, 156, 206, 278, 266, 190]","[0, 1, 81]","[512, 2401, 4913, 5832, 17576, 19683, 234256]",2,timeGPT-1,original
0.0,0.0,10,"[169, 129, 156, 207]","[1, 2, 145, 40585]","[1, 2, 145, 40585]",0.0,0.0,5,[169],"[1, 2, 145]",[40585],0.0,0.0,7,"[169, 129]","[1, 2]","[145, 40585]",0.0,0.0,9,"[169, 129, 156]",[1],"[2, 145, 40585]",2,timeGPT-1,original
0.0,0.0,2,[12],"[2, 5, 12, 20, 29, 39, 50, 62, 75]",[89],0.0,0.0,3,"[5, 5]","[2, 5, 12, 20, 29, 39, 50, 62]","[75, 89]",0.0,0.0,13,"[170, 130, 157, 208, 280]","[2, 5, 12, 20, 29]","[39, 50, 62, 75, 89]",0.0,0.0,18,"[170, 130, 157, 208, 280, 267, 192]","[2, 5, 12]","[20, 29, 39, 50, 62, 75, 89]",2,timeGPT-1,original
0.0,0.0,1,[10],"[1, 8, 10, 18, 19, 100, 101, 108, 109]",[110],0.0,0.0,6,"[8, 8]","[1, 8, 10, 18, 19, 100, 101, 108]","[109, 110]",0.0,0.0,11,"[169, 129, 156, 207, 279]","[1, 8, 10, 18, 19]","[100, 101, 108, 109, 110]",0.0,0.0,15,"[169, 129, 156, 207, 279, 266, 191]","[1, 8, 10]","[18, 19, 100, 101, 108, 109, 110]",2,timeGPT-1,original
0.0,0.0,8,[32],"[3, 7, 31, 127, 2047, 8191, 131071, 524287, 8388607]",[536870911],0.0,0.0,14,"[7, 7]","[3, 7, 31, 127, 2047, 8191, 131071, 524287]","[8388607, 536870911]",0.0,0.0,22,"[171, 130, 158, 209, 281]","[3, 7, 31, 127, 2047]","[8191, 131071, 524287, 8388607, 536870911]",0.0,0.0,29,"[171, 130, 158, 209, 281, 268, 193]","[3, 7, 31]","[127, 2047, 8191, 131071, 524287, 8388607, 536870911]",2,timeGPT-1,original
0.0,0.0,2,[4],"[1, 2, 4, 8, 16, 23, 28, 38, 58]",[89],0.0,0.0,4,"[2, 2]","[1, 2, 4, 8, 16, 23, 28, 38]","[58, 89]",0.0,0.0,13,"[169, 129, 156, 207, 279]","[1, 2, 4, 8, 16]","[23, 28, 38, 58, 89]",0.0,0.0,18,"[169, 129, 156, 207, 279, 266, 191]","[1, 2, 4]","[8, 16, 23, 28, 38, 58, 89]",2,timeGPT-1,original
0.0,0.0,3,[4],"[1, 2, 4, 8, 15, 26, 42, 64, 93]",[129],0.0,0.0,4,"[2, 2]","[1, 2, 4, 8, 15, 26, 42, 64]","[93, 129]",0.0,11.11111111111111,12,"[169, 129, 156, 207, 279]","[1, 2, 4, 8, 15]","[26, 42, 64, 93, 129]",0.0,7.6923076923076925,18,"[169, 129, 156, 207, 279, 266, 191]","[1, 2, 4]","[8, 15, 26, 42, 64, 93, 129]",2,timeGPT-1,original
0.0,0.0,2,[13],"[1, 5, 12, 22, 35, 51, 70, 92, 117]",[145],0.0,0.0,5,"[5, 5]","[1, 5, 12, 22, 35, 51, 70, 92]","[117, 145]",0.0,0.0,14,"[169, 129, 156, 207, 279]","[1, 5, 12, 22, 35]","[51, 70, 92, 117, 145]",0.0,0.0,18,"[169, 129, 156, 207, 279, 266, 191]","[1, 5, 12]","[22, 35, 51, 70, 92, 117, 145]",2,timeGPT-1,original
0.0,0.0,1,[1],"[0, 1, 1, 2, 1, 2, 2, 3, 1]",[3],50.0,50.0,1,"[1, 1]","[0, 1, 1, 2, 1, 2, 2, 3]","[1, 3]",0.0,0.0,14,"[168, 128, 156, 206, 278]","[0, 1, 1, 2, 1]","[2, 2, 3, 1, 3]",0.0,0.0,17,"[168, 128, 156, 206, 278, 266, 190]","[0, 1, 1]","[2, 1, 2, 2, 3, 1, 3]",2,timeGPT-1,original
0.0,0.0,5,[5],"[1, 2, 5, 15, 52, 203, 877, 4140, 21147]",[115975],0.0,0.0,10,"[2, 2]","[1, 2, 5, 15, 52, 203, 877, 4140]","[21147, 115975]",0.0,0.0,17,"[169, 129, 156, 207, 279]","[1, 2, 5, 15, 52]","[203, 877, 4140, 21147, 115975]",0.0,0.0,21,"[169, 129, 156, 207, 279, 266, 191]","[1, 2, 5]","[15, 52, 203, 877, 4140, 21147, 115975]",2,timeGPT-1,original
0.0,0.0,2,[5],"[2, 3, 5, 7, 11, 13, 17, 19, 23]",[29],0.0,0.0,3,"[3, 3]","[2, 3, 5, 7, 11, 13, 17, 19]","[23, 29]",0.0,0.0,10,"[170, 130, 157, 208, 280]","[2, 3, 5, 7, 11]","[13, 17, 19, 23, 29]",0.0,0.0,16,"[170, 130, 157, 208, 280, 267, 192]","[2, 3, 5]","[7, 11, 13, 17, 19, 23, 29]",2,timeGPT-1,original
0.0,0.0,14,"[169, 129, 156, 207, 279]","[1, 11, 21, 1211, 111221]","[1, 11, 21, 1211, 111221]",0.0,0.0,5,[169],"[1, 11, 21, 1211]",[111221],0.0,0.0,7,"[169, 129]","[1, 11, 21]","[1211, 111221]",0.0,0.0,10,"[169, 129, 156]","[1, 11]","[21, 1211, 111221]",2,timeGPT-1,original
0.0,0.0,2,[5],"[2, 3, 5, 7, 11, 13, 17, 19, 23]",[29],0.0,0.0,3,"[3, 3]","[2, 3, 5, 7, 11, 13, 17, 19]","[23, 29]",0.0,0.0,10,"[170, 130, 157, 208, 280]","[2, 3, 5, 7, 11]","[13, 17, 19, 23, 29]",0.0,0.0,16,"[170, 130, 157, 208, 280, 267, 192]","[2, 3, 5]","[7, 11, 13, 17, 19, 23, 29]",2,timeGPT-1,original
0.0,0.0,3,[4],"[1, 2, 4, 8, 16, 32, 64, 128, 256]",[512],0.0,0.0,4,"[2, 2]","[1, 2, 4, 8, 16, 32, 64, 128]","[256, 512]",0.0,0.0,12,"[169, 129, 156, 207, 279]","[1, 2, 4, 8, 16]","[32, 64, 128, 256, 512]",0.0,0.0,18,"[169, 129, 156, 207, 279, 266, 191]","[1, 2, 4]","[8, 16, 32, 64, 128, 256, 512]",2,timeGPT-1,original
0.0,0.0,4,[7],"[1, 3, 7, 15, 31, 63, 127, 255, 511]",[1023],0.0,0.0,6,"[3, 3]","[1, 3, 7, 15, 31, 63, 127, 255]","[511, 1023]",0.0,0.0,12,"[169, 129, 156, 207, 279]","[1, 3, 7, 15, 31]","[63, 127, 255, 511, 1023]",0.0,0.0,18,"[169, 129, 156, 207, 279, 266, 191]","[1, 3, 7]","[15, 31, 63, 127, 255, 511, 1023]",2,timeGPT-1,original
0.0,0.0,3,[9],"[1, 4, 9, 16, 25, 36, 49, 64, 81]",[100],0.0,0.0,5,"[4, 4]","[1, 4, 9, 16, 25, 36, 49, 64]","[81, 100]",0.0,0.0,13,"[169, 129, 156, 207, 279]","[1, 4, 9, 16, 25]","[36, 49, 64, 81, 100]",0.0,0.0,16,"[169, 129, 156, 207, 279, 266, 191]","[1, 4, 9]","[16, 25, 36, 49, 64, 81, 100]",3,timeGPT-1,original
0.0,0.0,4,[28],"[1, 8, 27, 64, 125, 216, 343, 512, 729]",[1000],0.0,0.0,7,"[8, 8]","[1, 8, 27, 64, 125, 216, 343, 512]","[729, 1000]",0.0,0.0,15,"[169, 129, 156, 207, 279]","[1, 8, 27, 64, 125]","[216, 343, 512, 729, 1000]",0.0,0.0,17,"[169, 129, 156, 207, 279, 266, 191]","[1, 8, 27]","[64, 125, 216, 343, 512, 729, 1000]",3,timeGPT-1,original
100.0,100.0,0,[2],"[2, 1, 2, 1, 2, 2, 1, 2, 2]",[2],0.0,0.0,2,"[1, 1]","[2, 1, 2, 1, 2, 2, 1, 2]","[2, 2]",0.0,0.0,12,"[170, 130, 157, 208, 280]","[2, 1, 2, 1, 2]","[2, 1, 2, 2, 2]",0.0,0.0,17,"[170, 130, 157, 208, 280, 267, 192]","[2, 1, 2]","[1, 2, 2, 1, 2, 2, 2]",3,timeGPT-1,original
0.0,0.0,1,[2],"[1, 2, 2, 3, 3, 4, 4, 4, 5]",[5],0.0,0.0,2,"[2, 2]","[1, 2, 2, 3, 3, 4, 4, 4]","[5, 5]",0.0,0.0,15,"[169, 129, 156, 207, 279]","[1, 2, 2, 3, 3]","[4, 4, 4, 5, 5]",0.0,0.0,21,"[169, 129, 156, 207, 279, 266, 191]","[1, 2, 2]","[3, 3, 4, 4, 4, 5, 5]",3,timeGPT-1,original
0.0,0.0,4,[8],"[2, 4, 8, 16, 32, 64, 128, 256, 512]",[1024],0.0,0.0,6,"[4, 4]","[2, 4, 8, 16, 32, 64, 128, 256]","[512, 1024]",0.0,0.0,14,"[170, 130, 157, 208, 280]","[2, 4, 8, 16, 32]","[64, 128, 256, 512, 1024]",0.0,0.0,16,"[170, 130, 157, 208, 280, 267, 192]","[2, 4, 8]","[16, 32, 64, 128, 256, 512, 1024]",3,timeGPT-1,original
0.0,0.0,2,[12],"[2, 5, 12, 20, 29, 39, 50, 62, 75]",[89],0.0,0.0,3,"[5, 5]","[2, 5, 12, 20, 29, 39, 50, 62]","[75, 89]",0.0,0.0,13,"[170, 130, 157, 208, 280]","[2, 5, 12, 20, 29]","[39, 50, 62, 75, 89]",0.0,0.0,18,"[170, 130, 157, 208, 280, 267, 192]","[2, 5, 12]","[20, 29, 39, 50, 62, 75, 89]",3,timeGPT-1,original
0.0,0.0,2,[13],"[7, 11, 13, 17, 19, 23, 29, 31, 37]",[41],0.0,0.0,4,"[10, 10]","[7, 11, 13, 17, 19, 23, 29, 31]","[37, 41]",0.0,0.0,14,"[174, 134, 161, 212, 284]","[7, 11, 13, 17, 19]","[23, 29, 31, 37, 41]",0.0,0.0,16,"[174, 134, 161, 212, 284, 271, 196]","[7, 11, 13]","[17, 19, 23, 29, 31, 37, 41]",3,timeGPT-1,original
0.0,0.0,8,[117],"[1, 11, 111, 1111, 11111, 111111, 1111111, 11111111, 111111111]",[1111111111],0.0,0.0,15,"[11, 11]","[1, 11, 111, 1111, 11111, 111111, 1111111, 11111111]","[111111111, 1111111111]",0.0,0.0,37,"[169, 129, 156, 207, 279]","[1, 11, 111, 1111, 11111]","[111111, 1111111, 11111111, 111111111, 1111111111]",0.0,0.0,44,"[169, 129, 156, 207, 279, 266, 191]","[1, 11, 111]","[1111, 11111, 111111, 1111111, 11111111, 111111111, 1111111111]",3,timeGPT-1,original
0.0,0.0,33,"[346, 333, 345, 355, 356, 320, 338, 321]","[31, 331, 3331, 33331, 333331, 3333331, 33333331, 333333331]","[31, 331, 3331, 33331, 333331, 3333331, 33333331, 333333331]",0.0,0.0,15,"[193, 153]","[31, 331, 3331, 33331, 333331, 3333331]","[33333331, 333333331]",0.0,0.0,26,"[193, 153, 180, 231]","[31, 331, 3331, 33331]","[333331, 3333331, 33333331, 333333331]",0.0,0.0,33,"[193, 153, 180, 231, 303, 290]","[31, 331]","[3331, 33331, 333331, 3333331, 33333331, 333333331]",3,timeGPT-1,original
0.0,0.0,2,[7],"[1, 3, 7, 13, 21, 31, 43, 57, 73]",[91],0.0,0.0,3,"[3, 3]","[1, 3, 7, 13, 21, 31, 43, 57]","[73, 91]",0.0,0.0,14,"[169, 129, 156, 207, 279]","[1, 3, 7, 13, 21]","[31, 43, 57, 73, 91]",0.0,0.0,16,"[169, 129, 156, 207, 279, 266, 191]","[1, 3, 7]","[13, 21, 31, 43, 57, 73, 91]",3,timeGPT-1,original
0.0,0.0,21,"[173, 133, 160, 211, 283, 270]","[6, 28, 496, 8128, 130816, 2096128]","[6, 28, 496, 8128, 130816, 2096128]",0.0,0.0,6,[173],"[6, 28, 496, 8128, 130816]",[2096128],0.0,0.0,12,"[173, 133, 160]","[6, 28, 496]","[8128, 130816, 2096128]",0.0,0.0,15,"[173, 133, 160, 211]","[6, 28]","[496, 8128, 130816, 2096128]",3,timeGPT-1,original
0.0,0.0,2,[2],"[0, 0, 2, 3, 5, 7, 11, 15, 22]",[30],0.0,0.0,3,"[0, 0]","[0, 0, 2, 3, 5, 7, 11, 15]","[22, 30]",0.0,0.0,11,"[168, 128, 156, 206, 278]","[0, 0, 2, 3, 5]","[7, 11, 15, 22, 30]",0.0,0.0,18,"[168, 128, 156, 206, 278, 266, 190]","[0, 0, 2]","[3, 5, 7, 11, 15, 22, 30]",3,timeGPT-1,original
0.0,0.0,3,[70],"[3, 37, 67, 101, 137, 199, 269, 307, 353]",[389],0.0,0.0,4,"[39, 37]","[3, 37, 67, 101, 137, 199, 269, 307]","[353, 389]",0.0,0.0,13,"[171, 130, 158, 209, 281]","[3, 37, 67, 101, 137]","[199, 269, 307, 353, 389]",0.0,0.0,14,"[171, 130, 158, 209, 281, 268, 193]","[3, 37, 67]","[101, 137, 199, 269, 307, 353, 389]",3,timeGPT-1,original
0.0,0.0,10,"[169, 129, 156, 207]","[1, 2, 145, 40585]","[1, 2, 145, 40585]",0.0,0.0,5,[169],"[1, 2, 145]",[40585],0.0,0.0,7,"[169, 129]","[1, 2]","[145, 40585]",0.0,0.0,9,"[169, 129, 156]",[1],"[2, 145, 40585]",3,timeGPT-1,original
0.0,0.0,3,[62],"[19, 31, 61, 89, 107, 127, 521, 607, 1279]",[2203],0.0,0.0,5,"[29, 29]","[19, 31, 61, 89, 107, 127, 521, 607]","[1279, 2203]",0.0,0.0,13,"[184, 143, 171, 221, 293]","[19, 31, 61, 89, 107]","[127, 521, 607, 1279, 2203]",0.0,0.0,15,"[184, 143, 171, 221, 293, 280, 205]","[19, 31, 61]","[89, 107, 127, 521, 607, 1279, 2203]",3,timeGPT-1,original
0.0,0.0,17,"[170, 130, 157, 208, 280, 267]","[2, 3, 7, 42, 1806, 3263442]","[2, 3, 7, 42, 1806, 3263442]",0.0,0.0,7,[170],"[2, 3, 7, 42, 1806]",[3263442],0.0,0.0,12,"[170, 130, 157]","[2, 3, 7]","[42, 1806, 3263442]",0.0,0.0,13,"[170, 130, 157, 208]","[2, 3]","[7, 42, 1806, 3263442]",3,timeGPT-1,original
0.0,0.0,2,[5],"[2, 3, 5, 7, 11, 13, 17, 19, 23]",[29],0.0,0.0,3,"[3, 3]","[2, 3, 5, 7, 11, 13, 17, 19]","[23, 29]",0.0,0.0,10,"[170, 130, 157, 208, 280]","[2, 3, 5, 7, 11]","[13, 17, 19, 23, 29]",0.0,0.0,16,"[170, 130, 157, 208, 280, 267, 192]","[2, 3, 5]","[7, 11, 13, 17, 19, 23, 29]",3,timeGPT-1,original
0.0,0.0,1,[10],"[1, 8, 10, 18, 19, 100, 101, 108, 109]",[110],0.0,0.0,6,"[8, 8]","[1, 8, 10, 18, 19, 100, 101, 108]","[109, 110]",0.0,0.0,11,"[169, 129, 156, 207, 279]","[1, 8, 10, 18, 19]","[100, 101, 108, 109, 110]",0.0,0.0,15,"[169, 129, 156, 207, 279, 266, 191]","[1, 8, 10]","[18, 19, 100, 101, 108, 109, 110]",3,timeGPT-1,original
0.0,0.0,1,[1],"[0, 1, 1, 2, 1, 2, 2, 3, 1]",[3],50.0,50.0,1,"[1, 1]","[0, 1, 1, 2, 1, 2, 2, 3]","[1, 3]",0.0,0.0,14,"[168, 128, 156, 206, 278]","[0, 1, 1, 2, 1]","[2, 2, 3, 1, 3]",0.0,0.0,17,"[168, 128, 156, 206, 278, 266, 190]","[0, 1, 1]","[2, 1, 2, 2, 3, 1, 3]",3,timeGPT-1,original
0.0,0.0,1,[1],"[0, 1, 1, 2, 2, 4, 2, 6, 4]",[6],0.0,0.0,2,"[1, 1]","[0, 1, 1, 2, 2, 4, 2, 6]","[4, 6]",0.0,0.0,13,"[168, 128, 156, 206, 278]","[0, 1, 1, 2, 2]","[4, 2, 6, 4, 6]",0.0,0.0,18,"[168, 128, 156, 206, 278, 266, 190]","[0, 1, 1]","[2, 2, 4, 2, 6, 4, 6]",3,timeGPT-1,original
0.0,0.0,2,[5],"[2, 3, 5, 7, 11, 13, 17, 19, 23]",[29],0.0,0.0,3,"[3, 3]","[2, 3, 5, 7, 11, 13, 17, 19]","[23, 29]",0.0,0.0,10,"[170, 130, 157, 208, 280]","[2, 3, 5, 7, 11]","[13, 17, 19, 23, 29]",0.0,0.0,16,"[170, 130, 157, 208, 280, 267, 192]","[2, 3, 5]","[7, 11, 13, 17, 19, 23, 29]",3,timeGPT-1,original
0.0,0.0,1,[2],"[1, 4, 2, 1, 3, 5, 9, 2, 6]",[5],0.0,0.0,2,"[4, 4]","[1, 4, 2, 1, 3, 5, 9, 2]","[6, 5]",0.0,0.0,13,"[169, 129, 156, 207, 279]","[1, 4, 2, 1, 3]","[5, 9, 2, 6, 5]",0.0,0.0,17,"[169, 129, 156, 207, 279, 266, 191]","[1, 4, 2]","[1, 3, 5, 9, 2, 6, 5]",3,timeGPT-1,original
0.0,0.0,1,[3],"[1, 7, 3, 2, 0, 5, 0, 7, 9]",[8],0.0,0.0,2,"[7, 7]","[1, 7, 3, 2, 0, 5, 0, 7]","[9, 8]",0.0,0.0,15,"[169, 129, 156, 207, 279]","[1, 7, 3, 2, 0]","[5, 0, 7, 9, 8]",0.0,0.0,18,"[169, 129, 156, 207, 279, 266, 191]","[1, 7, 3]","[2, 0, 5, 0, 7, 9, 8]",3,timeGPT-1,original
12.5,33.33333333333333,8,"[0, 0, 0, 0, 0, 0, 1, 0]","[1, 0, 1, 2, 3, 1, 6, 11]","[1, 0, 1, 2, 3, 1, 6, 11]",0.0,0.0,4,"[169, 129]","[1, 0, 1, 2, 3, 1]","[6, 11]",0.0,0.0,10,"[169, 129, 156, 207]","[1, 0, 1, 2]","[3, 1, 6, 11]",0.0,0.0,16,"[169, 129, 156, 207, 279, 266]","[1, 0]","[1, 2, 3, 1, 6, 11]",3,timeGPT-1,original
37.5,16.666666666666664,6,"[1, 1, 1, 1, 1, 1, 1, 1]","[1, 1, 1, 3, 7, 15, 31, 63]","[1, 1, 1, 3, 7, 15, 31, 63]",0.0,0.0,6,"[169, 129]","[1, 1, 1, 3, 7, 15]","[31, 63]",0.0,0.0,11,"[169, 129, 156, 207]","[1, 1, 1, 3]","[7, 15, 31, 63]",0.0,0.0,15,"[169, 129, 156, 207, 279, 266]","[1, 1]","[1, 3, 7, 15, 31, 63]",3,timeGPT-1,original
12.5,12.5,12,"[5, 5, 5, 5, 5, 5, 5, 5]","[3, 5, 11, 17, 31, 41, 59, 67]","[3, 5, 11, 17, 31, 41, 59, 67]",0.0,0.0,6,"[171, 130]","[3, 5, 11, 17, 31, 41]","[59, 67]",0.0,0.0,10,"[171, 130, 158, 209]","[3, 5, 11, 17]","[31, 41, 59, 67]",0.0,0.0,14,"[171, 130, 158, 209, 281, 268]","[3, 5]","[11, 17, 31, 41, 59, 67]",3,timeGPT-1,original
12.5,12.5,9,"[2, 2, 2, 2, 2, 2, 2, 2]","[1, 2, 3, 4, 6, 8, 11, 13]","[1, 2, 3, 4, 6, 8, 11, 13]",0.0,0.0,4,"[169, 129]","[1, 2, 3, 4, 6, 8]","[11, 13]",0.0,0.0,10,"[169, 129, 156, 207]","[1, 2, 3, 4]","[6, 8, 11, 13]",0.0,0.0,17,"[169, 129, 156, 207, 279, 266]","[1, 2]","[3, 4, 6, 8, 11, 13]",3,timeGPT-1,original
12.5,33.33333333333333,8,"[0, 0, 0, 0, 0, 0, 1, 0]","[1, 0, 1, 1, 2, 3, 6, 11]","[1, 0, 1, 1, 2, 3, 6, 11]",0.0,0.0,4,"[169, 129]","[1, 0, 1, 1, 2, 3]","[6, 11]",0.0,0.0,11,"[169, 129, 156, 207]","[1, 0, 1, 1]","[2, 3, 6, 11]",0.0,0.0,16,"[169, 129, 156, 207, 279, 266]","[1, 0]","[1, 1, 2, 3, 6, 11]",3,timeGPT-1,original
0.0,0.0,6,"[1046, 1005]","[1093, 3511]","[1093, 3511]",0.0,0.0,6,"[1046, 1005]","[1093, 3511]","[1093, 3511]",0.0,0.0,4,[1046],[1093],[3511],0.0,0.0,4,[1046],[1093],[3511],3,timeGPT-1,original
0.0,0.0,6,"[172, 132, 160]","[5, 13, 563]","[5, 13, 563]",0.0,0.0,6,"[172, 132, 160]","[5, 13, 563]","[5, 13, 563]",0.0,0.0,3,[172],"[5, 13]",[563],0.0,0.0,5,"[172, 132]",[5],"[13, 563]",3,timeGPT-1,original
0.0,0.0,3,[67],"[29, 57, 68, 120, 134, 140, 173, 197, 283]",[313],0.0,0.0,6,"[55, 55]","[29, 57, 68, 120, 134, 140, 173, 197]","[283, 313]",0.0,0.0,10,"[192, 151, 179, 229, 301]","[29, 57, 68, 120, 134]","[140, 173, 197, 283, 313]",0.0,0.0,14,"[192, 151, 179, 229, 301, 288, 213]","[29, 57, 68]","[120, 134, 140, 173, 197, 283, 313]",4,timeGPT-1,original
0.0,0.0,3,[34],"[24, 26, 36, 40, 184, 226, 244, 384, 391]",[423],0.0,0.0,5,"[24, 25]","[24, 26, 36, 40, 184, 226, 244, 384]","[391, 423]",0.0,0.0,14,"[188, 147, 175, 225, 297]","[24, 26, 36, 40, 184]","[226, 244, 384, 391, 423]",0.0,0.0,19,"[188, 147, 175, 225, 297, 284, 209]","[24, 26, 36]","[40, 184, 226, 244, 384, 391, 423]",4,timeGPT-1,original
0.0,0.0,3,[209],"[90, 203, 212, 235, 270, 324, 342, 352, 371]",[417],0.0,0.0,5,"[200, 197]","[90, 203, 212, 235, 270, 324, 342, 352]","[371, 417]",0.0,0.0,13,"[240, 200, 228, 278, 350]","[90, 203, 212, 235, 270]","[324, 342, 352, 371, 417]",0.0,0.0,14,"[240, 200, 228, 278, 350, 337, 261]","[90, 203, 212]","[235, 270, 324, 342, 352, 371, 417]",4,timeGPT-1,original
0.0,0.0,2,[98],"[20, 48, 95, 234, 282, 296, 352, 402, 428]",[481],0.0,0.0,4,"[47, 47]","[20, 48, 95, 234, 282, 296, 352, 402]","[428, 481]",0.0,0.0,13,"[184, 144, 172, 222, 294]","[20, 48, 95, 234, 282]","[296, 352, 402, 428, 481]",0.0,0.0,18,"[184, 144, 172, 222, 294, 281, 206]","[20, 48, 95]","[234, 282, 296, 352, 402, 428, 481]",4,timeGPT-1,original
0.0,0.0,2,[127],"[62, 98, 130, 154, 290, 315, 324, 385, 408]",[447],0.0,0.0,6,"[92, 93]","[62, 98, 130, 154, 290, 315, 324, 385]","[408, 447]",0.0,0.0,12,"[218, 178, 205, 256, 327]","[62, 98, 130, 154, 290]","[315, 324, 385, 408, 447]",0.0,0.0,19,"[218, 178, 205, 256, 327, 314, 239]","[62, 98, 130]","[154, 290, 315, 324, 385, 408, 447]",4,timeGPT-1,original
0.0,0.0,2,[69],"[2, 42, 66, 102, 153, 195, 201, 252, 306]",[396],0.0,0.0,6,"[44, 42]","[2, 42, 66, 102, 153, 195, 201, 252]","[306, 396]",0.0,0.0,12,"[170, 130, 157, 208, 280]","[2, 42, 66, 102, 153]","[195, 201, 252, 306, 396]",0.0,0.0,14,"[170, 130, 157, 208, 280, 267, 192]","[2, 42, 66]","[102, 153, 195, 201, 252, 306, 396]",4,timeGPT-1,original
0.0,0.0,3,[137],"[128, 151, 153, 217, 224, 332, 382, 400, 450]",[478],0.0,0.0,6,"[135, 137]","[128, 151, 153, 217, 224, 332, 382, 400]","[450, 478]",0.0,0.0,15,"[271, 230, 258, 308, 380]","[128, 151, 153, 217, 224]","[332, 382, 400, 450, 478]",0.0,0.0,17,"[271, 230, 258, 308, 380, 367, 291]","[128, 151, 153]","[217, 224, 332, 382, 400, 450, 478]",4,timeGPT-1,original
0.0,0.0,2,[117],"[26, 50, 114, 148, 160, 170, 274, 347, 432]",[497],0.0,0.0,4,"[48, 48]","[26, 50, 114, 148, 160, 170, 274, 347]","[432, 497]",0.0,0.0,13,"[189, 149, 176, 227, 299]","[26, 50, 114, 148, 160]","[170, 274, 347, 432, 497]",0.0,0.0,16,"[189, 149, 176, 227, 299, 286, 211]","[26, 50, 114]","[148, 160, 170, 274, 347, 432, 497]",4,timeGPT-1,original
0.0,0.0,3,[179],"[48, 94, 176, 177, 219, 276, 282, 283, 459]",[488],0.0,0.0,6,"[91, 91]","[48, 94, 176, 177, 219, 276, 282, 283]","[459, 488]",0.0,0.0,13,"[207, 166, 194, 245, 316]","[48, 94, 176, 177, 219]","[276, 282, 283, 459, 488]",0.0,0.0,18,"[207, 166, 194, 245, 316, 303, 228]","[48, 94, 176]","[177, 219, 276, 282, 283, 459, 488]",4,timeGPT-1,original
0.0,0.0,3,[264],"[139, 252, 272, 281, 304, 361, 370, 415, 438]",[500],0.0,0.0,6,"[242, 241]","[139, 252, 272, 281, 304, 361, 370, 415]","[438, 500]",0.0,0.0,15,"[280, 239, 267, 317, 389]","[139, 252, 272, 281, 304]","[361, 370, 415, 438, 500]",0.0,0.0,15,"[280, 239, 267, 317, 389, 375, 300]","[139, 252, 272]","[281, 304, 361, 370, 415, 438, 500]",4,timeGPT-1,original
0.0,0.0,2,[120],"[15, 95, 115, 195, 240, 318, 326, 350, 432]",[450],0.0,0.0,5,"[98, 95]","[15, 95, 115, 195, 240, 318, 326, 350]","[432, 450]",0.0,0.0,13,"[180, 140, 168, 218, 290]","[15, 95, 115, 195, 240]","[318, 326, 350, 432, 450]",0.0,0.0,16,"[180, 140, 168, 218, 290, 277, 202]","[15, 95, 115]","[195, 240, 318, 326, 350, 432, 450]",4,timeGPT-1,original
0.0,0.0,3,[288],"[134, 224, 293, 378, 379, 395, 434, 451, 482]",[496],0.0,0.0,6,"[213, 213]","[134, 224, 293, 378, 379, 395, 434, 451]","[482, 496]",0.0,0.0,14,"[276, 235, 263, 313, 385]","[134, 224, 293, 378, 379]","[395, 434, 451, 482, 496]",0.0,0.0,18,"[276, 235, 263, 313, 385, 371, 296]","[134, 224, 293]","[378, 379, 395, 434, 451, 482, 496]",4,timeGPT-1,original
0.0,0.0,3,[147],"[23, 93, 142, 145, 245, 266, 296, 317, 428]",[495],0.0,0.0,5,"[95, 92]","[23, 93, 142, 145, 245, 266, 296, 317]","[428, 495]",0.0,11.11111111111111,11,"[187, 146, 174, 225, 296]","[23, 93, 142, 145, 245]","[266, 296, 317, 428, 495]",0.0,7.6923076923076925,17,"[187, 146, 174, 225, 296, 284, 208]","[23, 93, 142]","[145, 245, 266, 296, 317, 428, 495]",4,timeGPT-1,original
0.0,0.0,2,[72],"[18, 39, 71, 194, 197, 219, 263, 270, 416]",[473],0.0,0.0,6,"[38, 38]","[18, 39, 71, 194, 197, 219, 263, 270]","[416, 473]",0.0,0.0,13,"[183, 142, 170, 221, 292]","[18, 39, 71, 194, 197]","[219, 263, 270, 416, 473]",0.0,0.0,17,"[183, 142, 170, 221, 292, 280, 204]","[18, 39, 71]","[194, 197, 219, 263, 270, 416, 473]",4,timeGPT-1,original
0.0,0.0,3,[151],"[9, 84, 144, 170, 325, 393, 401, 405, 435]",[497],0.0,0.0,6,"[88, 84]","[9, 84, 144, 170, 325, 393, 401, 405]","[435, 497]",0.0,0.0,15,"[176, 135, 163, 213, 285]","[9, 84, 144, 170, 325]","[393, 401, 405, 435, 497]",0.0,0.0,14,"[176, 135, 163, 213, 285, 273, 197]","[9, 84, 144]","[170, 325, 393, 401, 405, 435, 497]",4,timeGPT-1,original
0.0,0.0,3,[210],"[26, 40, 202, 267, 282, 340, 359, 408, 410]",[495],0.0,0.0,6,"[38, 38]","[26, 40, 202, 267, 282, 340, 359, 408]","[410, 495]",0.0,0.0,13,"[189, 149, 176, 227, 299]","[26, 40, 202, 267, 282]","[340, 359, 408, 410, 495]",0.0,0.0,21,"[189, 149, 176, 227, 299, 286, 211]","[26, 40, 202]","[267, 282, 340, 359, 408, 410, 495]",4,timeGPT-1,original
0.0,0.0,3,[169],"[34, 92, 164, 165, 209, 296, 414, 456, 467]",[494],0.0,0.0,5,"[92, 90]","[34, 92, 164, 165, 209, 296, 414, 456]","[467, 494]",0.0,0.0,13,"[196, 155, 183, 233, 305]","[34, 92, 164, 165, 209]","[296, 414, 456, 467, 494]",0.0,0.0,20,"[196, 155, 183, 233, 305, 292, 217]","[34, 92, 164]","[165, 209, 296, 414, 456, 467, 494]",4,timeGPT-1,original
0.0,0.0,2,[126],"[16, 119, 121, 123, 135, 139, 285, 311, 409]",[412],0.0,0.0,5,"[124, 119]","[16, 119, 121, 123, 135, 139, 285, 311]","[409, 412]",0.0,0.0,13,"[181, 141, 168, 219, 291]","[16, 119, 121, 123, 135]","[139, 285, 311, 409, 412]",0.0,0.0,16,"[181, 141, 168, 219, 291, 278, 203]","[16, 119, 121]","[123, 135, 139, 285, 311, 409, 412]",4,timeGPT-1,original
0.0,0.0,3,[11],"[8, 11, 12, 103, 116, 196, 247, 254, 389]",[427],0.0,0.0,6,"[10, 10]","[8, 11, 12, 103, 116, 196, 247, 254]","[389, 427]",0.0,0.0,14,"[175, 134, 162, 213, 285]","[8, 11, 12, 103, 116]","[196, 247, 254, 389, 427]",0.0,7.6923076923076925,16,"[175, 134, 162, 213, 285, 272, 196]","[8, 11, 12]","[103, 116, 196, 247, 254, 389, 427]",4,timeGPT-1,original
0.0,0.0,3,[100],"[12, 36, 96, 119, 171, 213, 221, 232, 363]",[451],0.0,0.0,3,"[36, 35]","[12, 36, 96, 119, 171, 213, 221, 232]","[363, 451]",0.0,0.0,15,"[178, 138, 165, 216, 288]","[12, 36, 96, 119, 171]","[213, 221, 232, 363, 451]",0.0,0.0,17,"[178, 138, 165, 216, 288, 275, 200]","[12, 36, 96]","[119, 171, 213, 221, 232, 363, 451]",4,timeGPT-1,original
0.0,0.0,3,[144],"[38, 91, 142, 197, 215, 313, 316, 319, 423]",[466],0.0,0.0,6,"[90, 89]","[38, 91, 142, 197, 215, 313, 316, 319]","[423, 466]",0.0,0.0,14,"[199, 158, 186, 237, 308]","[38, 91, 142, 197, 215]","[313, 316, 319, 423, 466]",0.0,0.0,17,"[199, 158, 186, 237, 308, 295, 220]","[38, 91, 142]","[197, 215, 313, 316, 319, 423, 466]",4,timeGPT-1,original
0.0,0.0,3,[154],"[7, 42, 147, 201, 213, 248, 310, 332, 436]",[479],0.0,0.0,3,"[43, 42]","[7, 42, 147, 201, 213, 248, 310, 332]","[436, 479]",0.0,0.0,15,"[174, 134, 161, 212, 284]","[7, 42, 147, 201, 213]","[248, 310, 332, 436, 479]",0.0,0.0,19,"[174, 134, 161, 212, 284, 271, 196]","[7, 42, 147]","[201, 213, 248, 310, 332, 436, 479]",4,timeGPT-1,original
0.0,0.0,3,[107],"[27, 101, 105, 164, 245, 290, 304, 441, 449]",[490],0.0,0.0,5,"[103, 100]","[27, 101, 105, 164, 245, 290, 304, 441]","[449, 490]",0.0,0.0,12,"[190, 150, 177, 228, 300]","[27, 101, 105, 164, 245]","[290, 304, 441, 449, 490]",0.0,0.0,20,"[190, 150, 177, 228, 300, 287, 211]","[27, 101, 105]","[164, 245, 290, 304, 441, 449, 490]",4,timeGPT-1,original
0.0,0.0,3,[30],"[4, 11, 29, 106, 214, 283, 296, 298, 360]",[497],0.0,0.0,6,"[11, 11]","[4, 11, 29, 106, 214, 283, 296, 298]","[360, 497]",0.0,0.0,15,"[172, 131, 159, 209, 281]","[4, 11, 29, 106, 214]","[283, 296, 298, 360, 497]",0.0,0.0,16,"[172, 131, 159, 209, 281, 269, 193]","[4, 11, 29]","[106, 214, 283, 296, 298, 360, 497]",4,timeGPT-1,original
0.0,0.0,3,[135],"[72, 106, 139, 165, 171, 192, 199, 429, 453]",[477],0.0,0.0,6,"[99, 99]","[72, 106, 139, 165, 171, 192, 199, 429]","[453, 477]",0.0,0.0,14,"[226, 186, 213, 264, 335]","[72, 106, 139, 165, 171]","[192, 199, 429, 453, 477]",0.0,0.0,19,"[226, 186, 213, 264, 335, 322, 247]","[72, 106, 139]","[165, 171, 192, 199, 429, 453, 477]",4,timeGPT-1,original
0.0,0.0,2,[239],"[187, 218, 260, 295, 301, 314, 379, 410, 452]",[469],0.0,0.0,5,"[195, 199]","[187, 218, 260, 295, 301, 314, 379, 410]","[452, 469]",0.0,0.0,10,"[318, 278, 305, 356, 427]","[187, 218, 260, 295, 301]","[314, 379, 410, 452, 469]",0.0,0.0,17,"[318, 278, 305, 356, 427, 413, 337]","[187, 218, 260]","[295, 301, 314, 379, 410, 452, 469]",4,timeGPT-1,original
0.0,0.0,2,[96],"[29, 63, 95, 140, 150, 190, 221, 437, 482]",[491],0.0,0.0,4,"[62, 61]","[29, 63, 95, 140, 150, 190, 221, 437]","[482, 491]",0.0,0.0,11,"[192, 151, 179, 229, 301]","[29, 63, 95, 140, 150]","[190, 221, 437, 482, 491]",0.0,0.0,14,"[192, 151, 179, 229, 301, 288, 213]","[29, 63, 95]","[140, 150, 190, 221, 437, 482, 491]",4,timeGPT-1,original
0.0,0.0,2,[88],"[3, 11, 84, 144, 156, 177, 188, 199, 229]",[284],0.0,0.0,6,"[11, 11]","[3, 11, 84, 144, 156, 177, 188, 199]","[229, 284]",0.0,0.0,7,"[171, 130, 158, 209, 281]","[3, 11, 84, 144, 156]","[177, 188, 199, 229, 284]",0.0,0.0,17,"[171, 130, 158, 209, 281, 268, 193]","[3, 11, 84]","[144, 156, 177, 188, 199, 229, 284]",4,timeGPT-1,original
0.0,0.0,3,[100],"[26, 94, 98, 137, 176, 301, 323, 330, 372]",[444],0.0,0.0,6,"[95, 93]","[26, 94, 98, 137, 176, 301, 323, 330]","[372, 444]",0.0,0.0,15,"[189, 149, 176, 227, 299]","[26, 94, 98, 137, 176]","[301, 323, 330, 372, 444]",0.0,7.6923076923076925,18,"[189, 149, 176, 227, 299, 286, 211]","[26, 94, 98]","[137, 176, 301, 323, 330, 372, 444]",4,timeGPT-1,original
0.0,0.0,3,[87],"[39, 81, 88, 210, 215, 378, 416, 430, 439]",[490],0.0,0.0,5,"[79, 78]","[39, 81, 88, 210, 215, 378, 416, 430]","[439, 490]",0.0,0.0,14,"[200, 159, 187, 237, 309]","[39, 81, 88, 210, 215]","[378, 416, 430, 439, 490]",0.0,0.0,17,"[200, 159, 187, 237, 309, 296, 221]","[39, 81, 88]","[210, 215, 378, 416, 430, 439, 490]",4,timeGPT-1,original
